-- phpMyAdmin SQL Dump
-- version 5.1.1
-- https://www.phpmyadmin.net/
--
-- Servidor: 127.0.0.1
-- Tiempo de generación: 12-08-2021 a las 23:44:08
-- Versión del servidor: 10.4.18-MariaDB
-- Versión de PHP: 8.0.3

SET SQL_MODE = "NO_AUTO_VALUE_ON_ZERO";
START TRANSACTION;
SET time_zone = "+00:00";


/*!40101 SET @OLD_CHARACTER_SET_CLIENT=@@CHARACTER_SET_CLIENT */;
/*!40101 SET @OLD_CHARACTER_SET_RESULTS=@@CHARACTER_SET_RESULTS */;
/*!40101 SET @OLD_COLLATION_CONNECTION=@@COLLATION_CONNECTION */;
/*!40101 SET NAMES utf8mb4 */;

--
-- Base de datos: `proyectomascarilla`
--

-- --------------------------------------------------------

--
-- Estructura de tabla para la tabla `horario`
--

CREATE TABLE `horario` (
  `ID_HORARIO` int(10) NOT NULL,
  `ID_USUARIO` int(11) NOT NULL,
  `FECHA_HORA_ENTRADA` timestamp NOT NULL DEFAULT current_timestamp(),
  `FECHA_HORA_SALIDA` timestamp NULL DEFAULT current_timestamp(),
  `ESTADO` int(1) NOT NULL,
  `FECHA_CREACION` timestamp NULL DEFAULT current_timestamp()
) ENGINE=InnoDB DEFAULT CHARSET=utf8mb4;

-- --------------------------------------------------------

--
-- Estructura de tabla para la tabla `roles`
--

CREATE TABLE `roles` (
  `ID_ROL` int(10) NOT NULL,
  `ROL` varchar(50) DEFAULT NULL,
  `FECHA_CREACION` timestamp NULL DEFAULT current_timestamp(),
  `ESTADO` int(1) DEFAULT NULL
) ENGINE=InnoDB DEFAULT CHARSET=utf8mb4;

--
-- Volcado de datos para la tabla `roles`
--

INSERT INTO `roles` (`ID_ROL`, `ROL`, `FECHA_CREACION`, `ESTADO`) VALUES
(1, 'ADMINISTRADOR', '2021-06-25 13:09:51', 1),
(2, 'ESTUDIANTE', '2021-07-18 22:50:54', 1);

-- --------------------------------------------------------

--
-- Estructura de tabla para la tabla `tapabocas`
--

CREATE TABLE `tapabocas` (
  `ID_TAPABOCAS` int(11) NOT NULL,
  `ID_USUARIO` int(11) NOT NULL,
  `FECHA_HORA_TAPABOCAS` timestamp NULL DEFAULT NULL,
  `ESTADO_TAPABOCAS` int(1) DEFAULT NULL,
  `FECHA_CREACION` timestamp NULL DEFAULT current_timestamp()
) ENGINE=InnoDB DEFAULT CHARSET=utf8mb4;

--
-- Volcado de datos para la tabla `tapabocas`
--

INSERT INTO `tapabocas` (`ID_TAPABOCAS`, `ID_USUARIO`, `FECHA_HORA_TAPABOCAS`, `ESTADO_TAPABOCAS`, `FECHA_CREACION`) VALUES
(414, 2, '2021-08-10 04:59:14', 1, '2021-08-10 04:00:01'),
(415, 2, '2021-08-10 04:59:14', 1, '2021-08-10 04:00:01'),
(416, 2, '2021-08-10 03:59:34', 1, '2021-08-10 04:00:01'),
(417, 2, '2021-08-10 03:59:34', 1, '2021-08-10 04:00:01'),
(418, 2, '2021-08-10 03:59:35', 0, '2021-08-10 04:00:01'),
(419, 2, '2021-08-10 03:59:35', 0, '2021-08-10 04:00:01'),
(420, 2, '2021-08-10 03:59:35', 1, '2021-08-10 04:00:01'),
(421, 2, '2021-08-10 03:59:35', 1, '2021-08-10 04:00:01'),
(422, 2, '2021-08-10 03:59:36', 0, '2021-08-10 04:00:01'),
(423, 2, '2021-08-10 03:59:36', 0, '2021-08-10 04:00:01'),
(424, 2, '2021-08-10 03:59:37', 0, '2021-08-10 04:00:01'),
(425, 2, '2021-08-10 03:59:37', 0, '2021-08-10 04:00:01'),
(426, 2, '2021-08-10 03:59:37', 1, '2021-08-10 04:00:01'),
(427, 2, '2021-08-10 03:59:37', 1, '2021-08-10 04:00:01'),
(428, 2, '2021-08-10 03:59:38', 1, '2021-08-10 04:00:01'),
(429, 2, '2021-08-10 03:59:38', 1, '2021-08-10 04:00:01'),
(430, 2, '2021-08-10 03:59:39', 0, '2021-08-10 04:00:01'),
(431, 2, '2021-08-10 03:59:39', 0, '2021-08-10 04:00:01'),
(432, 2, '2021-08-10 03:59:39', 1, '2021-08-10 04:00:01'),
(433, 2, '2021-08-10 03:59:39', 1, '2021-08-10 04:00:01'),
(434, 2, '2021-08-10 03:59:40', 1, '2021-08-10 04:00:01'),
(435, 2, '2021-08-10 03:59:40', 1, '2021-08-10 04:00:01'),
(436, 2, '2021-08-10 03:59:41', 0, '2021-08-10 04:00:01'),
(437, 2, '2021-08-10 03:59:41', 0, '2021-08-10 04:00:01'),
(438, 2, '2021-08-10 03:59:41', 1, '2021-08-10 04:00:01'),
(439, 2, '2021-08-10 03:59:41', 1, '2021-08-10 04:00:01'),
(440, 2, '2021-08-10 03:59:42', 0, '2021-08-10 04:00:01'),
(441, 2, '2021-08-10 03:59:42', 0, '2021-08-10 04:00:01'),
(442, 2, '2021-08-10 03:59:42', 1, '2021-08-10 04:00:01'),
(443, 2, '2021-08-10 03:59:42', 1, '2021-08-10 04:00:01'),
(444, 2, '2021-08-10 03:59:43', 0, '2021-08-10 04:00:01'),
(445, 2, '2021-08-10 03:59:43', 0, '2021-08-10 04:00:01'),
(446, 2, '2021-08-10 03:59:43', 1, '2021-08-10 04:00:01'),
(447, 2, '2021-08-10 03:59:43', 1, '2021-08-10 04:00:01'),
(448, 2, '2021-08-10 03:59:44', 0, '2021-08-10 04:00:01'),
(449, 2, '2021-08-10 03:59:44', 0, '2021-08-10 04:00:01'),
(450, 2, '2021-08-10 03:59:45', 0, '2021-08-10 04:00:01'),
(451, 2, '2021-08-10 03:59:45', 0, '2021-08-10 04:00:01'),
(452, 2, '2021-08-10 03:59:45', 1, '2021-08-10 04:00:01'),
(453, 2, '2021-08-10 03:59:45', 1, '2021-08-10 04:00:01'),
(454, 2, '2021-08-10 03:59:46', 1, '2021-08-10 04:00:01'),
(455, 2, '2021-08-10 03:59:46', 1, '2021-08-10 04:00:01'),
(456, 2, '2021-08-10 03:59:47', 1, '2021-08-10 04:00:01'),
(457, 2, '2021-08-10 03:59:47', 1, '2021-08-10 04:00:01'),
(458, 2, '2021-08-10 03:59:48', 1, '2021-08-10 04:00:01'),
(459, 2, '2021-08-10 03:59:48', 1, '2021-08-10 04:00:01'),
(460, 2, '2021-08-10 03:59:49', 0, '2021-08-10 04:00:01'),
(461, 2, '2021-08-10 03:59:49', 0, '2021-08-10 04:00:01'),
(462, 2, '2021-08-10 03:59:49', 1, '2021-08-10 04:00:01'),
(463, 2, '2021-08-10 03:59:49', 1, '2021-08-10 04:00:01'),
(464, 2, '2021-08-10 03:59:50', 0, '2021-08-10 04:00:01'),
(465, 2, '2021-08-10 03:59:50', 0, '2021-08-10 04:00:01'),
(466, 2, '2021-08-10 03:59:51', 0, '2021-08-10 04:00:01'),
(467, 2, '2021-08-10 03:59:51', 0, '2021-08-10 04:00:01'),
(468, 2, '2021-08-10 03:59:51', 1, '2021-08-10 04:00:01'),
(469, 2, '2021-08-10 03:59:51', 1, '2021-08-10 04:00:01'),
(470, 2, '2021-08-10 03:59:52', 1, '2021-08-10 04:00:01'),
(471, 2, '2021-08-10 03:59:52', 1, '2021-08-10 04:00:01'),
(472, 2, '2021-08-10 03:59:53', 1, '2021-08-10 04:00:01'),
(473, 2, '2021-08-10 03:59:53', 1, '2021-08-10 04:00:01'),
(474, 2, '2021-08-10 03:59:54', 1, '2021-08-10 04:00:01'),
(475, 2, '2021-08-10 03:59:54', 1, '2021-08-10 04:00:01'),
(476, 2, '2021-08-10 03:59:55', 0, '2021-08-10 04:00:01'),
(477, 2, '2021-08-10 03:59:55', 0, '2021-08-10 04:00:01'),
(478, 2, '2021-08-10 03:59:55', 1, '2021-08-10 04:00:01'),
(479, 2, '2021-08-10 03:59:55', 1, '2021-08-10 04:00:01'),
(480, 2, '2021-08-10 03:59:56', 0, '2021-08-10 04:00:01'),
(481, 2, '2021-08-10 03:59:56', 0, '2021-08-10 04:00:01'),
(482, 2, '2021-08-10 03:59:56', 1, '2021-08-10 04:00:01'),
(483, 2, '2021-08-10 03:59:56', 1, '2021-08-10 04:00:02'),
(484, 2, '2021-08-10 03:59:57', 0, '2021-08-10 04:00:02'),
(485, 2, '2021-08-10 03:59:57', 0, '2021-08-10 04:00:02'),
(486, 2, '2021-08-10 03:59:57', 1, '2021-08-10 04:00:02'),
(487, 2, '2021-08-10 03:59:57', 1, '2021-08-10 04:00:02'),
(488, 2, '2021-08-10 03:59:58', 0, '2021-08-10 04:00:02'),
(489, 2, '2021-08-10 03:59:58', 0, '2021-08-10 04:00:02'),
(490, 2, '2021-08-10 03:59:58', 1, '2021-08-10 04:00:02'),
(491, 2, '2021-08-10 03:59:58', 1, '2021-08-10 04:00:02'),
(492, 2, '2021-08-10 03:59:59', 0, '2021-08-10 04:00:02'),
(493, 2, '2021-08-10 03:59:59', 0, '2021-08-10 04:00:02'),
(494, 2, '2021-08-10 03:59:59', 1, '2021-08-10 04:00:02'),
(495, 2, '2021-08-10 03:59:59', 1, '2021-08-10 04:00:02'),
(496, 2, '2021-08-10 04:00:00', 0, '2021-08-10 04:00:02'),
(497, 2, '2021-08-10 04:00:00', 0, '2021-08-10 04:00:02'),
(498, 2, '2021-08-10 04:00:00', 1, '2021-08-10 04:00:02'),
(499, 2, '2021-08-10 04:00:00', 1, '2021-08-10 04:00:02'),
(500, 2, '2021-08-10 04:00:01', 0, '2021-08-10 04:00:02'),
(501, 2, '2021-08-10 04:00:01', 0, '2021-08-10 04:00:02'),
(502, 2, '2021-08-10 04:00:01', 1, '2021-08-10 04:00:02'),
(503, 2, '2021-08-10 04:00:01', 1, '2021-08-10 04:00:02'),
(504, 1, '2021-08-10 04:11:45', 0, '2021-08-10 04:12:00'),
(505, 1, '2021-08-10 04:11:45', 0, '2021-08-10 04:12:00'),
(506, 1, '2021-08-10 04:11:45', 1, '2021-08-10 04:12:00'),
(507, 1, '2021-08-10 04:11:45', 1, '2021-08-10 04:12:00'),
(508, 1, '2021-08-10 04:11:46', 1, '2021-08-10 04:12:00'),
(509, 1, '2021-08-10 04:11:46', 1, '2021-08-10 04:12:00'),
(510, 1, '2021-08-10 04:11:47', 1, '2021-08-10 04:12:00'),
(511, 1, '2021-08-10 04:11:47', 1, '2021-08-10 04:12:00'),
(512, 1, '2021-08-10 04:11:48', 1, '2021-08-10 04:12:00'),
(513, 1, '2021-08-10 04:11:48', 1, '2021-08-10 04:12:00'),
(514, 1, '2021-08-10 04:11:49', 1, '2021-08-10 04:12:00'),
(515, 1, '2021-08-10 04:11:49', 1, '2021-08-10 04:12:00'),
(516, 1, '2021-08-10 04:11:50', 1, '2021-08-10 04:12:00'),
(517, 1, '2021-08-10 04:11:50', 1, '2021-08-10 04:12:00'),
(518, 1, '2021-08-10 04:11:51', 1, '2021-08-10 04:12:00'),
(519, 1, '2021-08-10 04:11:51', 1, '2021-08-10 04:12:00'),
(520, 1, '2021-08-10 04:11:52', 1, '2021-08-10 04:12:00'),
(521, 1, '2021-08-10 04:11:52', 1, '2021-08-10 04:12:00'),
(522, 1, '2021-08-10 04:11:53', 0, '2021-08-10 04:12:00'),
(523, 1, '2021-08-10 04:11:53', 0, '2021-08-10 04:12:00'),
(524, 1, '2021-08-10 04:11:53', 1, '2021-08-10 04:12:00'),
(525, 1, '2021-08-10 04:11:53', 1, '2021-08-10 04:12:00'),
(526, 1, '2021-08-10 04:11:54', 1, '2021-08-10 04:12:00'),
(527, 1, '2021-08-10 04:11:54', 1, '2021-08-10 04:12:00'),
(528, 1, '2021-08-10 04:11:55', 1, '2021-08-10 04:12:00'),
(529, 1, '2021-08-10 04:11:55', 1, '2021-08-10 04:12:00'),
(530, 1, '2021-08-10 04:11:56', 1, '2021-08-10 04:12:00'),
(531, 1, '2021-08-10 04:11:56', 1, '2021-08-10 04:12:00'),
(532, 1, '2021-08-10 04:11:57', 1, '2021-08-10 04:12:00'),
(533, 1, '2021-08-10 04:11:57', 1, '2021-08-10 04:12:00'),
(534, 1, '2021-08-10 04:11:58', 1, '2021-08-10 04:12:00'),
(535, 1, '2021-08-10 04:11:58', 1, '2021-08-10 04:12:00'),
(536, 1, '2021-08-10 04:11:59', 1, '2021-08-10 04:12:00'),
(537, 1, '2021-08-10 04:11:59', 1, '2021-08-10 04:12:00'),
(538, 1, '2021-08-10 04:12:00', 1, '2021-08-10 04:12:00'),
(539, 1, '2021-08-10 04:12:00', 1, '2021-08-10 04:12:00'),
(540, 4, '2021-08-10 05:06:25', 1, '2021-08-10 05:06:31'),
(541, 4, '2021-08-10 05:06:25', 1, '2021-08-10 05:06:31'),
(542, 4, '2021-08-10 05:06:26', 1, '2021-08-10 05:06:31'),
(543, 4, '2021-08-10 05:06:26', 1, '2021-08-10 05:06:31'),
(544, 4, '2021-08-10 05:06:27', 1, '2021-08-10 05:06:31'),
(545, 4, '2021-08-10 05:06:27', 1, '2021-08-10 05:06:31'),
(546, 4, '2021-08-10 05:06:28', 0, '2021-08-10 05:06:31'),
(547, 4, '2021-08-10 05:06:28', 0, '2021-08-10 05:06:31'),
(548, 4, '2021-08-10 05:06:28', 1, '2021-08-10 05:06:31'),
(549, 4, '2021-08-10 05:06:28', 1, '2021-08-10 05:06:31'),
(550, 4, '2021-08-10 05:06:29', 0, '2021-08-10 05:06:31'),
(551, 4, '2021-08-10 05:06:29', 0, '2021-08-10 05:06:31'),
(552, 4, '2021-08-10 05:06:29', 1, '2021-08-10 05:06:31'),
(553, 4, '2021-08-10 05:06:29', 1, '2021-08-10 05:06:31'),
(554, 4, '2021-08-10 05:06:30', 0, '2021-08-10 05:06:31'),
(555, 4, '2021-08-10 05:06:30', 0, '2021-08-10 05:06:31'),
(556, 4, '2021-08-10 05:06:30', 1, '2021-08-10 05:06:31'),
(557, 4, '2021-08-10 05:06:30', 1, '2021-08-10 05:06:31'),
(558, 4, '2021-08-10 05:06:31', 1, '2021-08-10 05:06:31'),
(559, 4, '2021-08-10 05:06:31', 1, '2021-08-10 05:06:31'),
(560, 4, '2021-08-10 16:04:39', 0, '2021-08-10 16:06:52'),
(561, 4, '2021-08-10 16:04:39', 0, '2021-08-10 16:06:52'),
(562, 4, '2021-08-10 16:04:40', 0, '2021-08-10 16:06:52'),
(563, 4, '2021-08-10 16:04:40', 0, '2021-08-10 16:06:52'),
(564, 4, '2021-08-10 16:04:41', 0, '2021-08-10 16:06:52'),
(565, 4, '2021-08-10 16:04:41', 0, '2021-08-10 16:06:52'),
(566, 4, '2021-08-10 16:04:42', 0, '2021-08-10 16:06:52'),
(567, 4, '2021-08-10 16:04:42', 0, '2021-08-10 16:06:52'),
(568, 4, '2021-08-10 16:04:43', 0, '2021-08-10 16:06:52'),
(569, 4, '2021-08-10 16:04:43', 0, '2021-08-10 16:06:52'),
(570, 4, '2021-08-10 16:04:43', 1, '2021-08-10 16:06:52'),
(571, 4, '2021-08-10 16:04:43', 1, '2021-08-10 16:06:52'),
(572, 4, '2021-08-10 16:05:48', 0, '2021-08-10 16:06:52'),
(573, 4, '2021-08-10 16:05:48', 0, '2021-08-10 16:06:52'),
(574, 4, '2021-08-10 16:05:56', 0, '2021-08-10 16:06:52'),
(575, 4, '2021-08-10 16:05:56', 0, '2021-08-10 16:06:52'),
(576, 4, '2021-08-10 16:05:56', 1, '2021-08-10 16:06:52'),
(577, 4, '2021-08-10 16:05:56', 1, '2021-08-10 16:06:52'),
(578, 4, '2021-08-10 16:06:01', 1, '2021-08-10 16:06:52'),
(579, 4, '2021-08-10 16:06:01', 1, '2021-08-10 16:06:52'),
(580, 4, '2021-08-10 16:06:04', 0, '2021-08-10 16:06:52'),
(581, 4, '2021-08-10 16:06:04', 0, '2021-08-10 16:06:52'),
(582, 4, '2021-08-10 16:06:05', 0, '2021-08-10 16:06:52'),
(583, 4, '2021-08-10 16:06:05', 0, '2021-08-10 16:06:52'),
(584, 4, '2021-08-10 16:06:06', 0, '2021-08-10 16:06:52'),
(585, 4, '2021-08-10 16:06:06', 0, '2021-08-10 16:06:52'),
(586, 4, '2021-08-10 16:06:07', 0, '2021-08-10 16:06:52'),
(587, 4, '2021-08-10 16:06:07', 0, '2021-08-10 16:06:52'),
(588, 4, '2021-08-10 16:06:08', 0, '2021-08-10 16:06:52'),
(589, 4, '2021-08-10 16:06:08', 0, '2021-08-10 16:06:52'),
(590, 4, '2021-08-10 16:06:09', 0, '2021-08-10 16:06:52'),
(591, 4, '2021-08-10 16:06:09', 0, '2021-08-10 16:06:52'),
(592, 4, '2021-08-10 16:06:10', 0, '2021-08-10 16:06:52'),
(593, 4, '2021-08-10 16:06:10', 0, '2021-08-10 16:06:52'),
(594, 4, '2021-08-10 16:06:11', 0, '2021-08-10 16:06:52'),
(595, 4, '2021-08-10 16:06:11', 0, '2021-08-10 16:06:52'),
(596, 4, '2021-08-10 16:06:12', 0, '2021-08-10 16:06:52'),
(597, 4, '2021-08-10 16:06:12', 0, '2021-08-10 16:06:52'),
(598, 4, '2021-08-10 16:06:12', 1, '2021-08-10 16:06:52'),
(599, 4, '2021-08-10 16:06:12', 1, '2021-08-10 16:06:52'),
(600, 4, '2021-08-10 16:06:14', 1, '2021-08-10 16:06:52'),
(601, 4, '2021-08-10 16:06:14', 1, '2021-08-10 16:06:52'),
(602, 4, '2021-08-10 16:06:38', 1, '2021-08-10 16:06:52'),
(603, 4, '2021-08-10 16:06:38', 1, '2021-08-10 16:06:52'),
(604, 4, '2021-08-10 16:06:39', 0, '2021-08-10 16:06:52'),
(605, 4, '2021-08-10 16:06:39', 0, '2021-08-10 16:06:52'),
(606, 4, '2021-08-10 16:06:40', 0, '2021-08-10 16:06:52'),
(607, 4, '2021-08-10 16:06:40', 0, '2021-08-10 16:06:52'),
(608, 4, '2021-08-10 16:06:41', 0, '2021-08-10 16:06:52'),
(609, 4, '2021-08-10 16:06:41', 0, '2021-08-10 16:06:52'),
(610, 4, '2021-08-10 16:06:42', 0, '2021-08-10 16:06:52'),
(611, 4, '2021-08-10 16:06:42', 0, '2021-08-10 16:06:52'),
(612, 4, '2021-08-10 16:06:43', 0, '2021-08-10 16:06:52'),
(613, 4, '2021-08-10 16:06:43', 0, '2021-08-10 16:06:52'),
(614, 4, '2021-08-10 16:06:44', 0, '2021-08-10 16:06:52'),
(615, 4, '2021-08-10 16:06:44', 0, '2021-08-10 16:06:52'),
(616, 4, '2021-08-10 16:06:45', 0, '2021-08-10 16:06:52'),
(617, 4, '2021-08-10 16:06:45', 0, '2021-08-10 16:06:52'),
(618, 4, '2021-08-10 16:06:46', 0, '2021-08-10 16:06:52'),
(619, 4, '2021-08-10 16:06:46', 0, '2021-08-10 16:06:52'),
(620, 4, '2021-08-10 16:06:47', 0, '2021-08-10 16:06:52'),
(621, 4, '2021-08-10 16:06:47', 0, '2021-08-10 16:06:52'),
(622, 4, '2021-08-10 16:06:48', 0, '2021-08-10 16:06:52'),
(623, 4, '2021-08-10 16:06:48', 0, '2021-08-10 16:06:52'),
(624, 4, '2021-08-10 16:06:49', 0, '2021-08-10 16:06:52'),
(625, 4, '2021-08-10 16:06:49', 0, '2021-08-10 16:06:52'),
(626, 4, '2021-08-10 16:06:50', 0, '2021-08-10 16:06:52'),
(627, 4, '2021-08-10 16:06:50', 0, '2021-08-10 16:06:52'),
(628, 4, '2021-08-10 18:06:51', 0, '2021-08-10 16:06:52'),
(629, 4, '2021-08-10 18:06:58', 1, '2021-08-10 16:06:52'),
(630, 2, '2021-08-10 17:58:56', 0, '2021-08-10 17:59:32'),
(631, 2, '2021-08-10 17:58:56', 0, '2021-08-10 17:59:32'),
(632, 2, '2021-08-10 17:58:56', 1, '2021-08-10 17:59:32'),
(633, 2, '2021-08-10 17:58:56', 1, '2021-08-10 17:59:32'),
(634, 2, '2021-08-10 17:59:02', 0, '2021-08-10 17:59:32'),
(635, 2, '2021-08-10 17:59:02', 0, '2021-08-10 17:59:32'),
(636, 2, '2021-08-10 17:59:02', 1, '2021-08-10 17:59:32'),
(637, 2, '2021-08-10 17:59:02', 1, '2021-08-10 17:59:32'),
(638, 2, '2021-08-10 17:59:03', 0, '2021-08-10 17:59:32'),
(639, 2, '2021-08-10 17:59:03', 0, '2021-08-10 17:59:32'),
(640, 2, '2021-08-10 17:59:04', 0, '2021-08-10 17:59:32'),
(641, 2, '2021-08-10 17:59:04', 0, '2021-08-10 17:59:32'),
(642, 2, '2021-08-10 17:59:05', 0, '2021-08-10 17:59:32'),
(643, 2, '2021-08-10 17:59:05', 0, '2021-08-10 17:59:32'),
(644, 2, '2021-08-10 17:59:05', 1, '2021-08-10 17:59:32'),
(645, 2, '2021-08-10 17:59:05', 1, '2021-08-10 17:59:32'),
(646, 2, '2021-08-10 17:59:06', 0, '2021-08-10 17:59:32'),
(647, 2, '2021-08-10 17:59:06', 0, '2021-08-10 17:59:32'),
(648, 2, '2021-08-10 17:59:06', 1, '2021-08-10 17:59:32'),
(649, 2, '2021-08-10 17:59:06', 1, '2021-08-10 17:59:32'),
(650, 2, '2021-08-10 17:59:07', 1, '2021-08-10 17:59:32'),
(651, 2, '2021-08-10 17:59:07', 1, '2021-08-10 17:59:32'),
(652, 2, '2021-08-10 17:59:08', 1, '2021-08-10 17:59:32'),
(653, 2, '2021-08-10 17:59:08', 1, '2021-08-10 17:59:32'),
(654, 2, '2021-08-10 17:59:11', 0, '2021-08-10 17:59:32'),
(655, 2, '2021-08-10 17:59:11', 0, '2021-08-10 17:59:32'),
(656, 2, '2021-08-10 17:59:11', 1, '2021-08-10 17:59:32'),
(657, 2, '2021-08-10 17:59:11', 1, '2021-08-10 17:59:32'),
(658, 2, '2021-08-10 17:59:17', 0, '2021-08-10 17:59:32'),
(659, 2, '2021-08-10 17:59:17', 0, '2021-08-10 17:59:32'),
(660, 2, '2021-08-10 17:59:18', 0, '2021-08-10 17:59:32'),
(661, 2, '2021-08-10 17:59:18', 0, '2021-08-10 17:59:32'),
(662, 2, '2021-08-10 17:59:19', 0, '2021-08-10 17:59:32'),
(663, 2, '2021-08-10 17:59:19', 0, '2021-08-10 17:59:32'),
(664, 2, '2021-08-10 17:59:20', 0, '2021-08-10 17:59:32'),
(665, 2, '2021-08-10 17:59:20', 0, '2021-08-10 17:59:32'),
(666, 2, '2021-08-10 17:59:20', 1, '2021-08-10 17:59:32'),
(667, 2, '2021-08-10 17:59:20', 1, '2021-08-10 17:59:32'),
(668, 2, '2021-08-10 17:59:22', 0, '2021-08-10 17:59:32'),
(669, 2, '2021-08-10 17:59:22', 0, '2021-08-10 17:59:32'),
(670, 2, '2021-08-10 17:59:23', 0, '2021-08-10 17:59:32'),
(671, 2, '2021-08-10 17:59:23', 0, '2021-08-10 17:59:32'),
(672, 2, '2021-08-10 17:59:24', 0, '2021-08-10 17:59:32'),
(673, 2, '2021-08-10 17:59:24', 0, '2021-08-10 17:59:32'),
(674, 2, '2021-08-10 17:59:25', 0, '2021-08-10 17:59:32'),
(675, 2, '2021-08-10 17:59:25', 0, '2021-08-10 17:59:32'),
(676, 2, '2021-08-10 17:59:26', 0, '2021-08-10 17:59:32'),
(677, 2, '2021-08-10 17:59:26', 0, '2021-08-10 17:59:32'),
(678, 2, '2021-08-10 17:59:27', 0, '2021-08-10 17:59:32'),
(679, 2, '2021-08-10 17:59:27', 0, '2021-08-10 17:59:32'),
(680, 2, '2021-08-10 17:59:28', 0, '2021-08-10 17:59:32'),
(681, 2, '2021-08-10 17:59:28', 0, '2021-08-10 17:59:32'),
(682, 2, '2021-08-10 17:59:29', 0, '2021-08-10 17:59:32'),
(683, 2, '2021-08-10 17:59:29', 0, '2021-08-10 17:59:32'),
(684, 2, '2021-08-10 17:59:30', 0, '2021-08-10 17:59:32'),
(685, 2, '2021-08-10 17:59:30', 0, '2021-08-10 17:59:32'),
(686, 2, '2021-08-10 17:59:31', 0, '2021-08-10 17:59:32'),
(687, 2, '2021-08-10 17:59:31', 0, '2021-08-10 17:59:32'),
(688, 2, '2021-08-10 17:59:30', 1, '2021-08-10 17:59:32'),
(689, 2, '2021-08-10 17:59:30', 1, '2021-08-10 17:59:32'),
(691, 2, '2021-08-10 17:59:39', 1, '2021-08-10 18:20:05'),
(692, 4, '2021-08-10 21:06:19', 0, '2021-08-10 21:06:40'),
(693, 4, '2021-08-10 21:06:19', 0, '2021-08-10 21:06:40'),
(694, 4, '2021-08-10 21:06:20', 0, '2021-08-10 21:06:40'),
(695, 4, '2021-08-10 21:06:20', 0, '2021-08-10 21:06:40'),
(696, 4, '2021-08-10 21:06:21', 0, '2021-08-10 21:06:40'),
(697, 4, '2021-08-10 21:06:21', 0, '2021-08-10 21:06:40'),
(698, 4, '2021-08-10 21:06:22', 0, '2021-08-10 21:06:40'),
(699, 4, '2021-08-10 21:06:22', 0, '2021-08-10 21:06:40'),
(700, 4, '2021-08-10 21:06:22', 1, '2021-08-10 21:06:40'),
(701, 4, '2021-08-10 21:06:22', 1, '2021-08-10 21:06:40'),
(702, 4, '2021-08-10 21:06:27', 1, '2021-08-10 21:06:40'),
(703, 4, '2021-08-10 21:06:27', 1, '2021-08-10 21:06:40'),
(704, 4, '2021-08-10 21:06:28', 0, '2021-08-10 21:06:40'),
(705, 4, '2021-08-10 21:06:28', 0, '2021-08-10 21:06:40'),
(706, 4, '2021-08-10 21:06:29', 0, '2021-08-10 21:06:40'),
(707, 4, '2021-08-10 21:06:29', 0, '2021-08-10 21:06:40'),
(708, 4, '2021-08-10 21:06:30', 0, '2021-08-10 21:06:40'),
(709, 4, '2021-08-10 21:06:30', 0, '2021-08-10 21:06:40'),
(710, 4, '2021-08-10 21:06:31', 0, '2021-08-10 21:06:40'),
(711, 4, '2021-08-10 21:06:31', 0, '2021-08-10 21:06:40'),
(712, 4, '2021-08-10 21:06:31', 1, '2021-08-10 21:06:40'),
(713, 4, '2021-08-10 21:06:31', 1, '2021-08-10 21:06:40'),
(714, 4, '2021-08-10 21:06:33', 0, '2021-08-10 21:06:40'),
(715, 4, '2021-08-10 21:06:33', 0, '2021-08-10 21:06:40'),
(716, 4, '2021-08-10 21:06:34', 0, '2021-08-10 21:06:40'),
(717, 4, '2021-08-10 21:06:34', 0, '2021-08-10 21:06:40'),
(718, 4, '2021-08-10 21:06:35', 0, '2021-08-10 21:06:40'),
(719, 4, '2021-08-10 21:06:35', 0, '2021-08-10 21:06:40'),
(720, 4, '2021-08-10 21:06:36', 0, '2021-08-10 21:06:40'),
(721, 4, '2021-08-10 21:06:36', 0, '2021-08-10 21:06:40'),
(722, 4, '2021-08-10 21:06:37', 0, '2021-08-10 21:06:40'),
(723, 4, '2021-08-10 21:06:37', 0, '2021-08-10 21:06:40'),
(724, 4, '2021-08-10 21:06:38', 0, '2021-08-10 21:06:40'),
(725, 4, '2021-08-10 21:06:38', 0, '2021-08-10 21:06:40'),
(726, 4, '2021-08-10 21:06:39', 0, '2021-08-10 21:06:40'),
(727, 4, '2021-08-10 21:06:39', 0, '2021-08-10 21:06:40'),
(728, 4, '2021-08-10 21:06:40', 0, '2021-08-10 21:06:40'),
(729, 4, '2021-08-10 21:06:40', 0, '2021-08-10 21:06:40'),
(730, 4, '2021-08-10 21:07:19', 0, '2021-08-10 21:07:29'),
(731, 4, '2021-08-10 21:07:19', 0, '2021-08-10 21:07:29'),
(732, 4, '2021-08-10 21:07:25', 1, '2021-08-10 21:07:29'),
(733, 4, '2021-08-10 21:07:25', 1, '2021-08-10 21:07:29'),
(734, 4, '2021-08-10 21:07:22', 0, '2021-08-10 21:07:29'),
(735, 4, '2021-08-10 21:07:22', 0, '2021-08-10 21:07:29'),
(736, 4, '2021-08-10 21:07:23', 0, '2021-08-10 21:07:29'),
(737, 4, '2021-08-10 21:07:23', 0, '2021-08-10 21:07:29'),
(738, 4, '2021-08-10 21:07:24', 0, '2021-08-10 21:07:29'),
(739, 4, '2021-08-10 21:07:24', 0, '2021-08-10 21:07:29'),
(740, 4, '2021-08-10 21:07:25', 0, '2021-08-10 21:07:29'),
(741, 4, '2021-08-10 21:07:25', 0, '2021-08-10 21:07:29'),
(742, 4, '2021-08-10 21:07:26', 0, '2021-08-10 21:07:29'),
(743, 4, '2021-08-10 21:07:26', 0, '2021-08-10 21:07:29'),
(744, 4, '2021-08-10 21:07:27', 0, '2021-08-10 21:07:29'),
(745, 4, '2021-08-10 21:07:27', 0, '2021-08-10 21:07:29'),
(746, 4, '2021-08-10 21:07:28', 0, '2021-08-10 21:07:29'),
(747, 4, '2029-08-10 21:07:28', 0, '2021-08-10 21:07:29'),
(748, 4, '2029-08-10 21:07:30', 1, '2021-08-10 21:07:29'),
(749, 4, '2028-08-10 21:07:30', 1, '2021-08-10 21:07:29'),
(750, 38, '2021-08-11 04:04:37', 0, '2021-08-11 04:05:07'),
(751, 38, '2021-08-11 04:04:37', 0, '2021-08-11 04:05:07'),
(752, 38, '2021-08-11 04:04:38', 0, '2021-08-11 04:05:07'),
(753, 38, '2021-08-11 04:04:38', 0, '2021-08-11 04:05:07'),
(754, 38, '2021-08-11 04:04:39', 0, '2021-08-11 04:05:07'),
(755, 38, '2021-08-11 04:04:39', 0, '2021-08-11 04:05:07'),
(756, 38, '2021-08-11 04:04:40', 0, '2021-08-11 04:05:07'),
(757, 38, '2021-08-11 04:04:40', 0, '2021-08-11 04:05:07'),
(758, 38, '2021-08-11 04:04:41', 0, '2021-08-11 04:05:07'),
(759, 38, '2021-08-11 04:04:41', 0, '2021-08-11 04:05:07'),
(760, 38, '2021-08-11 04:04:42', 0, '2021-08-11 04:05:07'),
(761, 38, '2021-08-11 04:04:42', 0, '2021-08-11 04:05:07'),
(762, 38, '2021-08-11 04:04:43', 0, '2021-08-11 04:05:07'),
(763, 38, '2021-08-11 04:04:43', 0, '2021-08-11 04:05:07'),
(764, 38, '2021-08-11 04:04:43', 1, '2021-08-11 04:05:07'),
(765, 38, '2021-08-11 04:04:43', 1, '2021-08-11 04:05:07'),
(766, 38, '2021-08-11 04:04:48', 1, '2021-08-11 04:05:07'),
(767, 38, '2021-08-11 04:04:48', 1, '2021-08-11 04:05:07'),
(768, 38, '2021-08-11 04:04:49', 1, '2021-08-11 04:05:07'),
(769, 38, '2021-08-11 04:04:49', 1, '2021-08-11 04:05:07'),
(770, 38, '2021-08-11 04:04:50', 1, '2021-08-11 04:05:07'),
(771, 38, '2021-08-11 04:04:50', 1, '2021-08-11 04:05:07'),
(772, 38, '2021-08-11 04:04:54', 0, '2021-08-11 04:05:07'),
(773, 38, '2021-08-11 04:04:54', 0, '2021-08-11 04:05:07'),
(774, 38, '2021-08-11 04:04:54', 1, '2021-08-11 04:05:07'),
(775, 38, '2021-08-11 04:04:54', 1, '2021-08-11 04:05:07'),
(776, 38, '2021-08-11 04:04:55', 0, '2021-08-11 04:05:07'),
(777, 38, '2021-08-11 04:04:55', 0, '2021-08-11 04:05:07'),
(778, 38, '2021-08-11 04:04:56', 0, '2021-08-11 04:05:07'),
(779, 38, '2021-08-11 04:04:56', 0, '2021-08-11 04:05:07'),
(780, 38, '2021-08-11 04:04:57', 0, '2021-08-11 04:05:07'),
(781, 38, '2021-08-11 04:04:57', 0, '2021-08-11 04:05:07'),
(782, 38, '2021-08-11 04:04:58', 0, '2021-08-11 04:05:07'),
(783, 38, '2021-08-11 04:04:58', 0, '2021-08-11 04:05:07'),
(784, 38, '2021-08-11 04:04:59', 0, '2021-08-11 04:05:07'),
(785, 38, '2021-08-11 04:04:59', 0, '2021-08-11 04:05:07'),
(786, 38, '2021-08-11 04:05:00', 0, '2021-08-11 04:05:07'),
(787, 38, '2021-08-11 04:05:00', 0, '2021-08-11 04:05:07'),
(788, 38, '2021-08-11 04:05:01', 0, '2021-08-11 04:05:07'),
(789, 38, '2021-08-11 04:05:01', 0, '2021-08-11 04:05:07'),
(790, 38, '2021-08-11 04:05:01', 1, '2021-08-11 04:05:07'),
(791, 38, '2021-08-11 04:05:01', 1, '2021-08-11 04:05:07'),
(792, 38, '2021-08-11 04:05:03', 0, '2021-08-11 04:05:07'),
(793, 38, '2021-08-11 04:05:03', 0, '2021-08-11 04:05:07'),
(794, 38, '2021-08-11 04:05:04', 0, '2021-08-11 04:05:07'),
(795, 38, '2021-08-11 04:05:04', 0, '2021-08-11 04:05:07'),
(796, 38, '2021-08-11 04:05:05', 0, '2021-08-11 04:05:07'),
(797, 38, '2021-08-11 04:05:05', 0, '2021-08-11 04:05:07'),
(798, 38, '2021-08-11 04:05:06', 0, '2021-08-11 04:05:07'),
(799, 38, '2021-08-11 04:05:06', 0, '2021-08-11 04:05:07'),
(800, 38, '2021-08-11 04:05:07', 0, '2021-08-11 04:05:07'),
(801, 38, '2021-08-11 04:05:07', 0, '2021-08-11 04:05:07'),
(802, 41, '2021-08-11 04:18:32', 0, '2021-08-11 04:19:07'),
(803, 41, '2021-08-11 04:18:32', 0, '2021-08-11 04:19:07'),
(804, 41, '2021-08-11 04:18:33', 0, '2021-08-11 04:19:07'),
(805, 41, '2021-08-11 04:18:33', 0, '2021-08-11 04:19:07'),
(806, 41, '2021-08-11 04:18:34', 0, '2021-08-11 04:19:07'),
(807, 41, '2021-08-11 04:18:34', 0, '2021-08-11 04:19:07'),
(808, 41, '2021-08-11 04:18:35', 0, '2021-08-11 04:19:07'),
(809, 41, '2021-08-11 04:18:35', 0, '2021-08-11 04:19:07'),
(810, 41, '2021-08-11 04:18:36', 0, '2021-08-11 04:19:07'),
(811, 41, '2021-08-11 04:18:36', 0, '2021-08-11 04:19:07'),
(812, 41, '2021-08-11 04:18:37', 0, '2021-08-11 04:19:07'),
(813, 41, '2021-08-11 04:18:37', 0, '2021-08-11 04:19:07'),
(814, 41, '2021-08-11 04:18:38', 0, '2021-08-11 04:19:07'),
(815, 41, '2021-08-11 04:18:38', 0, '2021-08-11 04:19:07'),
(816, 41, '2021-08-11 04:18:38', 1, '2021-08-11 04:19:07'),
(817, 41, '2021-08-11 04:18:38', 1, '2021-08-11 04:19:07'),
(818, 41, '2021-08-11 04:18:42', 0, '2021-08-11 04:19:07'),
(819, 41, '2021-08-11 04:18:42', 0, '2021-08-11 04:19:07'),
(820, 41, '2021-08-11 04:18:43', 0, '2021-08-11 04:19:07'),
(821, 41, '2021-08-11 04:18:43', 0, '2021-08-11 04:19:07'),
(822, 41, '2021-08-11 04:18:43', 1, '2021-08-11 04:19:07'),
(823, 41, '2021-08-11 04:18:43', 1, '2021-08-11 04:19:07'),
(824, 41, '2021-08-11 04:18:48', 0, '2021-08-11 04:19:07'),
(825, 41, '2021-08-11 04:18:48', 0, '2021-08-11 04:19:07'),
(826, 41, '2021-08-11 04:18:49', 0, '2021-08-11 04:19:07'),
(827, 41, '2021-08-11 04:18:49', 0, '2021-08-11 04:19:07'),
(828, 41, '2021-08-11 04:18:50', 0, '2021-08-11 04:19:07'),
(829, 41, '2021-08-11 04:18:50', 0, '2021-08-11 04:19:07'),
(830, 41, '2021-08-11 04:18:51', 0, '2021-08-11 04:19:07'),
(831, 41, '2021-08-11 04:18:51', 0, '2021-08-11 04:19:07'),
(832, 41, '2021-08-11 04:18:51', 1, '2021-08-11 04:19:08'),
(833, 41, '2021-08-11 04:18:51', 1, '2021-08-11 04:19:08'),
(834, 41, '2021-08-11 04:18:55', 1, '2021-08-11 04:19:08'),
(835, 41, '2021-08-11 04:18:55', 1, '2021-08-11 04:19:08'),
(836, 41, '2021-08-11 04:18:56', 0, '2021-08-11 04:19:08'),
(837, 41, '2021-08-11 04:18:56', 0, '2021-08-11 04:19:08'),
(838, 41, '2021-08-11 04:18:56', 1, '2021-08-11 04:19:08'),
(839, 41, '2021-08-11 04:18:56', 1, '2021-08-11 04:19:08'),
(840, 41, '2021-08-11 04:18:57', 0, '2021-08-11 04:19:08'),
(841, 41, '2021-08-11 04:18:57', 0, '2021-08-11 04:19:08'),
(842, 41, '2021-08-11 04:18:57', 1, '2021-08-11 04:19:08'),
(843, 41, '2021-08-11 04:18:57', 1, '2021-08-11 04:19:08'),
(844, 41, '2021-08-11 04:18:58', 0, '2021-08-11 04:19:08'),
(845, 41, '2021-08-11 04:18:58', 0, '2021-08-11 04:19:08'),
(846, 41, '2021-08-11 04:18:58', 1, '2021-08-11 04:19:08'),
(847, 41, '2021-08-11 04:18:58', 1, '2021-08-11 04:19:08'),
(848, 41, '2021-08-11 04:18:59', 1, '2021-08-11 04:19:08'),
(849, 41, '2021-08-11 04:18:59', 1, '2021-08-11 04:19:08'),
(850, 41, '2021-08-11 04:19:02', 1, '2021-08-11 04:19:08'),
(851, 41, '2021-08-11 04:19:02', 1, '2021-08-11 04:19:08'),
(852, 41, '2021-08-11 04:19:03', 0, '2021-08-11 04:19:08'),
(853, 41, '2021-08-11 04:19:03', 0, '2021-08-11 04:19:08'),
(854, 41, '2021-08-11 04:19:04', 0, '2021-08-11 04:19:08'),
(855, 41, '2021-08-11 04:19:04', 0, '2021-08-11 04:19:08'),
(856, 41, '2021-08-11 04:19:05', 0, '2021-08-11 04:19:08'),
(857, 41, '2021-08-11 04:19:05', 0, '2021-08-11 04:19:08'),
(858, 41, '2021-08-11 04:19:06', 0, '2021-08-11 04:19:08'),
(859, 41, '2021-08-11 04:19:06', 0, '2021-08-11 04:19:08'),
(860, 41, '2021-08-11 04:19:07', 0, '2021-08-11 04:19:08'),
(861, 41, '2021-08-11 04:19:07', 0, '2021-08-11 04:19:08');

-- --------------------------------------------------------

--
-- Estructura de tabla para la tabla `usuarios`
--

CREATE TABLE `usuarios` (
  `ID_USUARIO` int(10) NOT NULL,
  `CEDULA` varchar(11) NOT NULL,
  `NOMBRES` varchar(50) NOT NULL,
  `APELLIDOS` varchar(50) NOT NULL,
  `CORREO` varchar(50) NOT NULL,
  `USUARIO` varchar(50) NOT NULL,
  `CONTRASEÑA` varchar(50) NOT NULL,
  `ID_ROL` int(10) NOT NULL,
  `ESTADO` int(1) NOT NULL DEFAULT 1,
  `FECHA_CREACION` timestamp NOT NULL DEFAULT current_timestamp()
) ENGINE=InnoDB DEFAULT CHARSET=utf8mb4;

--
-- Volcado de datos para la tabla `usuarios`
--

INSERT INTO `usuarios` (`ID_USUARIO`, `CEDULA`, `NOMBRES`, `APELLIDOS`, `CORREO`, `USUARIO`, `CONTRASEÑA`, `ID_ROL`, `ESTADO`, `FECHA_CREACION`) VALUES
(1, '1043668334', 'BRYAN ALFONSO', 'VILLANUEVA RIVAS', 'BRYAN@HOY.COM', 'BRYAN123', '123', 1, 1, '2021-06-23 17:39:58'),
(2, '1234567899', 'Manolo andres', 'Vergara ', 'b', 'b', 'b', 1, 2, '2021-07-12 21:47:09'),
(3, '6689348554', 'LUIGI ADRIAN', 'RIVAS', 'LUIGI@HOY.COM', 'LUIGI123', '123', 2, 2, '2021-07-13 22:19:00'),
(4, '2348489230', 'JUAN', 'PEREZ', 'JUAN@HOY.COM', 'J', 'J', 2, 2, '2021-07-13 22:19:00'),
(5, '3904583405', 'USUARIO ', 'PRUEBA 3', 'PRUEBA@HOY.COM', 'D', 'D', 2, 2, '2021-07-14 00:02:35'),
(8, '1114553321', 'PEDRO', 'PEREZ', 'PEDRO@HOY.COM', 'PEDRO123', '444', 1, 1, '2021-07-14 00:24:59'),
(9, '13134', 'Andrea', 'Perez', 'ADREA@HOY.COM', 'ANDREA123', 'ANDREA123', 1, 1, '2021-07-14 00:30:14'),
(10, '2354245435', 'ESPERANZA', 'GUTIERREZ', 'ESPERANZA@HOY.COM', 'ESPERANZA123', '123', 2, 2, '2021-07-14 00:36:35'),
(11, '2342344266', 'CECILIO', 'DEL MAR', 'CECILIO@HOY.COM', 'CECILIO123', '123', 2, 2, '2021-07-15 14:43:13'),
(12, '9234724', 'JOSE MIGUEL', 'CASTRILLON IZQUIERDO', 'JOSEM@HOY.COM', 'JOSE123', '123', 1, 2, '2021-07-15 14:52:25'),
(16, '4209482', 'JULIAN', 'TURIZO', 'JULIAN@HOY.COM', 'JULI123', '123', 2, 2, '2021-07-17 21:25:12'),
(17, '2354534634', 'MANUEL', 'TURIZO', 'MANUEL@HOY.COM', 'MANU123', '123', 2, 2, '2021-07-18 22:52:03'),
(18, '5902394823', 'ALMA ', 'GUTIERREZ', 'ALMA@HOY.COM', 'ALMA123', '123', 2, 1, '2021-07-18 23:07:59'),
(19, '9201120394', 'FEDERICO ANTONIO', 'PAEZ', 'FEDERICO@HOY.COM', 'FEDERICO123', '123', 2, 2, '2021-07-18 23:08:32'),
(20, '3009844855', 'MANUELA', 'MARTINEZ', 'MANUELA@HOY.COM', 'MANUELA123', '123', 2, 1, '2021-07-18 23:10:34'),
(21, '123123', 'ANITA', 'RIVAS', 'ARIVAS@HOY.COM', 'ANITA123', '123', 2, 1, '2021-07-21 00:28:15'),
(22, '12312', 'ALVERT', 'KWEY', 'ALVERT123@HOY.COM', 'ALBERT123', '123', 2, 1, '2021-07-21 01:24:31'),
(23, '12312', 'JUNIOR', 'RODRIGUEZ', 'JRODRIGUEZ@HOY.COM', 'JUNIOR123', '123', 2, 1, '2021-07-21 01:26:04'),
(24, 'r34r3', 'CECILIA', 'DOMINGUEZ', 'CECILIA@HOY.COM', 'CECILIA123', '123', 2, 1, '2021-07-21 01:26:37'),
(25, '235235', 'JORGE', 'VILLANUEVA', 'JORGE@HOY.COM', 'JORGE123', '123', 2, 1, '2021-07-21 01:52:59'),
(26, '123123', 'ALICE', 'VILLA', 'ALICE@HOY.COM', 'ALICE123', '123', 2, 1, '2021-07-21 01:54:08'),
(27, '123123', 'MARTA', 'RIO', 'MARTA@HOY.COM', 'MARTA123', '123', 2, 1, '2021-07-21 01:54:38'),
(28, '123123', 'CIELO ', 'DE LA OZ', 'CIELO@HOY.COM', 'CIELO123', '123', 2, 1, '2021-07-21 01:55:05'),
(29, '123123', 'CARMEN', 'PALMA', 'CARMEN@HOY.COM', 'CARMEN123', '123', 2, 1, '2021-07-21 01:57:54'),
(30, '23123', 'OSCAR', 'BARON', 'OSCAR@HOY.COM', 'OSCAR123', '123', 2, 1, '2021-07-21 01:59:50'),
(31, '109283', 'MARICA CAMILA', 'PEREZ VARON', 'MARIA@HOY.COM', 'MARIA123', '123', 2, 2, '2021-07-22 17:35:21'),
(32, '1243134', 'EDUAR', 'RIVAS', 'EDUAR@HOY.COM', 'EDUAR123', 'r', 1, 2, '2021-07-28 22:07:51'),
(33, '13242', 'w', 'w', 'w', 'w', 'w', 2, 1, '2021-07-28 22:19:27'),
(34, '123123', 'f', 'f', 'f', 'f', 'f', 2, 2, '2021-07-30 02:48:07'),
(35, '123123', 'JUAN MIGUEL', 'GONSALEZ', 'JUAN@HOY.COM', 'JUAN1234', '123', 2, 2, '2021-07-30 03:14:46'),
(36, '234235', 'ELIAN', 'MARTINEZ', 'ELIAN@HOY.OCM', 'ELIAN', 'ELIAN123', 2, 2, '2021-07-30 03:16:43'),
(37, '2', '5555', '33333', '2', '2', '1', 1, 2, '2021-08-02 22:30:21'),
(38, '1234234', 'BRYAN ', 'VILLA VARON', 'bryan@hoy.com', 'bryann123', 'Bryan123@', 2, 1, '2021-08-11 04:03:27'),
(39, '1231243134', 'juan', 'manuel', 'juan@hoy.com', 'juan123', '123', 2, 1, '2021-08-11 04:06:48'),
(40, '333', '333', '33', '333', '333', '333', 2, 1, '2021-08-11 04:14:06'),
(41, '12314353', 'DANIEL ', 'MARIN ', 'daniel@hoy.com', 'daniel123', 'Daniel123@', 2, 1, '2021-08-11 04:17:55'),
(42, '436534567', 'pablo', 'urrea', 'pablo@hoy.com', 'pablo123', '123', 2, 2, '2021-08-11 04:21:17');

--
-- Índices para tablas volcadas
--

--
-- Indices de la tabla `horario`
--
ALTER TABLE `horario`
  ADD PRIMARY KEY (`ID_HORARIO`),
  ADD KEY `ID_USUARIO` (`ID_USUARIO`);

--
-- Indices de la tabla `roles`
--
ALTER TABLE `roles`
  ADD PRIMARY KEY (`ID_ROL`);

--
-- Indices de la tabla `tapabocas`
--
ALTER TABLE `tapabocas`
  ADD PRIMARY KEY (`ID_TAPABOCAS`),
  ADD KEY `ID_USUARIO` (`ID_USUARIO`);

--
-- Indices de la tabla `usuarios`
--
ALTER TABLE `usuarios`
  ADD PRIMARY KEY (`ID_USUARIO`,`USUARIO`),
  ADD KEY `ID_ROL` (`ID_ROL`);

--
-- AUTO_INCREMENT de las tablas volcadas
--

--
-- AUTO_INCREMENT de la tabla `horario`
--
ALTER TABLE `horario`
  MODIFY `ID_HORARIO` int(10) NOT NULL AUTO_INCREMENT;

--
-- AUTO_INCREMENT de la tabla `roles`
--
ALTER TABLE `roles`
  MODIFY `ID_ROL` int(10) NOT NULL AUTO_INCREMENT, AUTO_INCREMENT=3;

--
-- AUTO_INCREMENT de la tabla `tapabocas`
--
ALTER TABLE `tapabocas`
  MODIFY `ID_TAPABOCAS` int(11) NOT NULL AUTO_INCREMENT, AUTO_INCREMENT=862;

--
-- AUTO_INCREMENT de la tabla `usuarios`
--
ALTER TABLE `usuarios`
  MODIFY `ID_USUARIO` int(10) NOT NULL AUTO_INCREMENT, AUTO_INCREMENT=43;

--
-- Restricciones para tablas volcadas
--

--
-- Filtros para la tabla `horario`
--
ALTER TABLE `horario`
  ADD CONSTRAINT `horario_ibfk_1` FOREIGN KEY (`ID_USUARIO`) REFERENCES `usuarios` (`ID_USUARIO`);

--
-- Filtros para la tabla `tapabocas`
--
ALTER TABLE `tapabocas`
  ADD CONSTRAINT `tapabocas_ibfk_1` FOREIGN KEY (`ID_USUARIO`) REFERENCES `usuarios` (`ID_USUARIO`);

--
-- Filtros para la tabla `usuarios`
--
ALTER TABLE `usuarios`
  ADD CONSTRAINT `usuarios_ibfk_1` FOREIGN KEY (`ID_ROL`) REFERENCES `roles` (`ID_ROL`);
COMMIT;

/*!40101 SET CHARACTER_SET_CLIENT=@OLD_CHARACTER_SET_CLIENT */;
/*!40101 SET CHARACTER_SET_RESULTS=@OLD_CHARACTER_SET_RESULTS */;
/*!40101 SET COLLATION_CONNECTION=@OLD_COLLATION_CONNECTION */;
